{"cameraMode":{"drawMode":0,"name":"Shaded","section":"Shading Mode"},"sceneLighting":true,"audioPlay":false,"sceneViewState":{"showFog":true,"showMaterialUpdate":false,"showSkybox":true,"showFlares":true,"showImageEffects":true,"showParticleSystems":true},"in2DMode":false,"pivot":{"x":-5.569665908813477,"y":0.7283434867858887,"z":0.7919983863830566},"rotation":{"x":0.06034455448389053,"y":0.838789165019989,"z":-0.53269362449646,"w":0.09501995891332627},"size":6.989526748657227,"orthographic":false}